Alpha Spirit Complementos Snacks de Pollo en Monodosis para Perro; 9.94; https://www.petsonic.com/12024-home_default/snacks-de-pollo-en-monodosis-para-perro.jpg
Alpha Spirit Complementos Snacks de Queso en Monodosis para Perro; 9.94; https://www.petsonic.com/12025-home_default/snacks-de-queso-en-monodosis-para-perro.jpg
Alpha Spirit Complementos Snacks de Higado en Monodosis para Perro; 9.94; https://www.petsonic.com/12026-home_default/snacks-de-higado-en-monodosis-para-perro.jpg
Alpha Spirit Complementos Snacks de Pescado en Monodosis para Perro; 9.94; https://www.petsonic.com/12027-home_default/snacks-de-pescado-en-monodosis-para-perro.jpg
Alpha Spirit Complementos Snacks de Pato en Monodosis para Perro; 9.94; https://www.petsonic.com/12028-home_default/snacks-de-pato-en-monodosis-para-perro.jpg
Kong Pasta Easy Treat para Perro; 5.82; https://www.petsonic.com/13278-home_default/kong-pasta-easy-treat-para-perros.jpg
Purina Pro Plan Adventuros Mini Sticks de Búfalo; 6.11; https://www.petsonic.com/14127-home_default/purina-pro-plan-adventuros-mini-sticks-bufalo-para-perros.jpg
Purina Pro Plan Adventuros Strips Venado; 6.79; https://www.petsonic.com/14128-home_default/purina-pro-plan-adventuros-strips-venado-para-perros.jpg
Purina Pro Plan Adventuros Sticks de Búfalo; 6.79; https://www.petsonic.com/14130-home_default/purina-pro-plan-adventuros-sticks-bufalo-para-perros.jpg
Purina Pro Plan Biscuits Dental Bar 150gr.; 16.01; https://www.petsonic.com/13407-home_default/purina-pro-plan-biscuits-dental-bar-150gr-para-perros.jpg
Purina Pro Plan Biscuits Light 400gr.; 11.40; https://www.petsonic.com/13408-home_default/purina-pro-plan-biscuits-light-400gr-para-perros.jpg
Acana Treat Free Run Duck 35 gr premios ultra calidad para perros; 5.98; https://www.petsonic.com/13837-home_default/treat-free-run-duck-35-gr.jpg
Acana Treat Grass-Fed Lamb 35 gr premios ultra calidad para perros; 5.98; https://www.petsonic.com/13838-home_default/treat-grass-fed-lamb-35-gr.jpg
Acana Treat Yorkshire Pork 35 gr premios ultra calidad para perros; 5.98; https://www.petsonic.com/13840-home_default/treat-yorkshire-pork-35-gr.jpg
Orijen Free Run Duck dog treats premios para perro 100% proteina y nada mas; 6.98; https://www.petsonic.com/19383-home_default/orijen-treat-free-run-duck-42-5-gr-para-perros.jpg
Orijen Regional dog Treats 42.5 gr premios para perro 100% proteina y nada mas; 5.98; https://www.petsonic.com/13414-home_default/regional-treats-42-5-gr.jpg
Orijen Wild Boar dog treats premios para perro 100% proteina y nada mas; 5.78; https://www.petsonic.com/20625-home_default/orijen-treat-wild-board-56-gr-para-perros.jpg
Orijen Original dog treats premios para perro 100% proteina y nada mas; 5.98; https://www.petsonic.com/9782-home_default/orijen-treats-original-56gr-para-perros.jpg
Advance Puppy Snack premios para cachorros; 20.14; https://www.petsonic.com/18854-home_default/affinity-advance-puppy-snack-para-perros.jpg
Advance Dental Care Stick Mini Pack 4 x 360Grs higiene dental para perros; 30.23; https://www.petsonic.com/18855-home_default/affinity-advance-dental-care-stick-mini-para-perros.jpg
Advance Dental Care Stick Medium Pack higiene dental para perros; 34.58; https://www.petsonic.com/18858-home_default/affinity-advance-dental-care-stick-medium-para-perros.jpg
Advance Hypoallergenic Snack premios para perros alergicos; 18.16; https://www.petsonic.com/18860-home_default/affinity-advance-hypoallergenic-snack-para-perros.jpg
Advance Appetite Control Snack para perros. Con efecto saciante; 18.88; https://www.petsonic.com/18862-home_default/affinity-advance-appetite-control-snack-para-perros.jpg
Advance Articular Snack premios condroprotectores para perro; 37.74; https://www.petsonic.com/18859-home_default/affinity-advance-articular-snack-para-perros.jpg
Advance Sensitive Snack premios para gatos sensibles cuidado intestinal; 15.13; https://www.petsonic.com/18863-home_default/sensitive-snack.jpg
